{
    "$schema": "https://schema.management.azure.com/schemas/2019-04-01/deploymentTemplate.json#",
    "contentVersion": "1.0.0.0",
    "parameters": {
        "utcValue": {
            "type": "string",
            "defaultValue": "[utcNow()]",
            "metadata": {
                "description": "Returns the current (UTC) datetime value in the specified format. If no format is provided, the ISO 8601 (yyyyMMddTHHmmssZ) format is used"
            }
        },
        "workspaceName": {
            "type": "string",
            "metadata": {
                "description": "Name for the Log Analytics workspace used to aggregate data"
            }
        }
    },
    "functions": [],
    "variables": {
        "uniqueWorkspace": "[concat(parameters('workspaceName'), uniquestring(resourceGroup().id, parameters('utcValue')))]"
    },
    "resources": [
        {
            "name": "[variables('uniqueWorkspace')]",
            "type": "Microsoft.OperationalInsights/workspaces",
            "apiVersion": "2015-11-01-preview",
            "location": "[resourceGroup().location]",
            "properties": {
                "sku": {
                    "name": "Free"
                },
                "features": {
                    "searchVersion": 1
                }
            }
        },
        {
            "name": "[concat('SecurityInsights','(', variables('uniqueWorkspace'),')')]",
            "type": "Microsoft.OperationsManagement/solutions",
            "apiVersion": "2015-11-01-preview",
            "location": "[resourceGroup().location]",
            "dependsOn": [
                "[resourceId('Microsoft.OperationalInsights/workspaces/', variables('uniqueWorkspace'))]"
            ],
            "properties": {
                "workspaceResourceId": "[resourceId('Microsoft.OperationalInsights/workspaces', variables('uniqueWorkspace'))]"
            },
            "plan": {
                "name": "[concat('SecurityInsights','(', variables('uniqueWorkspace'),')')]",
                "product": "OMSGallery/SecurityInsights",
                "publisher": "Microsoft",
                "promotionCode": ""
            }
        }
    ],
    "outputs": {}
}